,artist,name,uri,playlist_id
0,Jimi Jules,Fool,spotify:track:1p6YDmD7uXO1F5UZVcfhWY,37i9dQZF1DX8AliSIsGeKd
1,Boris Brejcha,Lieblingsmensch - Edit,spotify:track:6CXFxsx3VCNLwRdOn9cXKp,37i9dQZF1DX8AliSIsGeKd
2,Lilly Palmer,Shift,spotify:track:4q1Pi82KM83zz1YeueS79n,37i9dQZF1DX8AliSIsGeKd
3,Christian Löffler,Versailles (Hold) - Edit,spotify:track:4Yf9QLUM8EeHaCS7EnaHnX,37i9dQZF1DX8AliSIsGeKd
4,Ron Flatter,Sidewinder,spotify:track:0hcKU2s5pItCZ3DY0glVQe,37i9dQZF1DX8AliSIsGeKd
5,Steve Bug,River of Oblivion,spotify:track:4FZmLCL61x2fzGrGEuFrjj,37i9dQZF1DX8AliSIsGeKd
6,Dirty Doering,High Rider,spotify:track:5DTPrfcbSGT3mcAdgVYM1s,37i9dQZF1DX8AliSIsGeKd
7,Carlo Ruetz,Wilder,spotify:track:6EjZFq51LDzPNnMmcimZdN,37i9dQZF1DX8AliSIsGeKd
8,Function,"Don't Ask, Don't Tell",spotify:track:3wxUbxzJkFwnhBpB8UkMKx,37i9dQZF1DX8AliSIsGeKd
9,Denis Horvat,Fragmental,spotify:track:1nRYfRmiGQwxY2Q5k8WIHh,37i9dQZF1DX8AliSIsGeKd
10,Shkoon,Amdah,spotify:track:6jBZ5XQKTGp3WsecflNp4s,37i9dQZF1DX8AliSIsGeKd
11,Edu Imbernon,Vapor Trails,spotify:track:3VmR4dvfFS1nWOZbqOF3oB,37i9dQZF1DX8AliSIsGeKd
12,Nic Fanciulli,Transition,spotify:track:0UxU9qQc3Et21BAoVjb5og,37i9dQZF1DX8AliSIsGeKd
13,Brigado Crew,Synchronicity,spotify:track:0sF6AQfF5bWQqNl5CuaXVM,37i9dQZF1DX8AliSIsGeKd
14,Rey&Kjavik,Time,spotify:track:4MsB35qNyldLvPFQrLgvYK,37i9dQZF1DX8AliSIsGeKd
15,Tim Engelhardt,Transmission 27,spotify:track:5sualVjKHi9IV4NHbwHOuZ,37i9dQZF1DX8AliSIsGeKd
16,Tube & Berger,Talking All Crazy,spotify:track:1706OeNGTHPHEXZoaAYI35,37i9dQZF1DX8AliSIsGeKd
17,Deborah de Luca,Abraxas,spotify:track:6KqF5D489C0xpX94TdQJC9,37i9dQZF1DX8AliSIsGeKd
18,Kaiserdisco,Banause - Thomas Hoffknecht Remix - Radio Edit,spotify:track:1t8vQ1taF7dxfq8leyE7ML,37i9dQZF1DX8AliSIsGeKd
19,Ellen Allien,Junge Sein,spotify:track:2xkSrW9JHEqkIqWsEOXSOA,37i9dQZF1DX8AliSIsGeKd
20,Shlomi Aber,Zohar,spotify:track:2FIQ8DNSLverzkGv9UOOrk,37i9dQZF1DX8AliSIsGeKd
21,Christian Burkhardt,Saturday,spotify:track:3gTwkxAyCM4ds7doNj7DyJ,37i9dQZF1DX8AliSIsGeKd
22,Einmusik,Dune Suave,spotify:track:3RkZM4hPoN6AupH4Ir1RAO,37i9dQZF1DX8AliSIsGeKd
23,Stereo Express,Mama Africa - Mollono.Bass Remix,spotify:track:0OFFWBRpLi4Ml31Mr1p4bt,37i9dQZF1DX8AliSIsGeKd
24,Dompe,Summer In The City,spotify:track:0Tptamf3lfUKIec6MchM78,37i9dQZF1DX8AliSIsGeKd
25,Thomas Lizzara,Mythos,spotify:track:2IkDXUJh0ohcOcExZFTAkp,37i9dQZF1DX8AliSIsGeKd
26,Beico & MT93,Tenebrous,spotify:track:6AjJ0GijsnB8woz1O4wfkq,37i9dQZF1DX8AliSIsGeKd
27,Digitalism,Panavision,spotify:track:6qVrF4ChAlR1S7SfCFVP7P,37i9dQZF1DX8AliSIsGeKd
28,Matthias Tanzmann,Panthera,spotify:track:1tnUHxZwUv7NCfIo5JgPgH,37i9dQZF1DX8AliSIsGeKd
29,Ben Böhmer,Decade,spotify:track:7dRoKrWenRRyhCbSicZwoA,37i9dQZF1DX8AliSIsGeKd
30,Simina Grigoriu,Mama Ayahuasca,spotify:track:0pMotws9HteiyJnORF5Du3,37i9dQZF1DX8AliSIsGeKd
31,Dapayk solo,Modular Romance 5 - Studio Edit,spotify:track:2Id7XDy886gW8UvWo0PCpo,37i9dQZF1DX8AliSIsGeKd
32,Bondi,Away From Heaven,spotify:track:6Lwht7ezPHLfiPKtGpREtv,37i9dQZF1DX8AliSIsGeKd
33,Maksim Dark,Deep Passion,spotify:track:7ingQeqgZZ1MqUSSTJChUo,37i9dQZF1DX8AliSIsGeKd
34,Hernan Cattaneo,A Major Minor,spotify:track:7pM5IZKIsQpJfijJpZJ1m6,37i9dQZF1DX8AliSIsGeKd
35,Alexander Kowalski,Inheritance,spotify:track:7HMyyQTFb56dlfulTTceqy,37i9dQZF1DX8AliSIsGeKd
36,Kolombo,Pause,spotify:track:4SEZlUmrn1RzQAMmWqdZ06,37i9dQZF1DX8AliSIsGeKd
37,Soul Button,Deception,spotify:track:4Mj79YCTQPWu5AbbXr7QYs,37i9dQZF1DX8AliSIsGeKd
38,Just Her,The Mirror,spotify:track:5PITyaqrRlxmJ9QLrbMRB5,37i9dQZF1DX8AliSIsGeKd
39,Microtrauma,Der Gärtner,spotify:track:4mLGCIEchoc07rhkNz2TK7,37i9dQZF1DX8AliSIsGeKd
40,Carbon,Never Mind,spotify:track:59i4QLEOF3Xv4y9IYZAVlP,37i9dQZF1DX8AliSIsGeKd
41,Get Real,Jolean,spotify:track:2ng0DafMn7xw3JnzF1Zzmi,37i9dQZF1DX8AliSIsGeKd
42,Damian Rausch,Between,spotify:track:2Obr9kQNR3kOK25T9q0rET,37i9dQZF1DX8AliSIsGeKd
43,Enui,Nevertheless,spotify:track:3nAM2Zg3Vyro2nq7zgZmhb,37i9dQZF1DX8AliSIsGeKd
44,Mat.Joe,Gotta Get U,spotify:track:7F263voDKs6Pq6QPudWLRl,37i9dQZF1DX8AliSIsGeKd
45,Sian,Deathgrip,spotify:track:4tABwzZLdl0gCy0gvFLgTA,37i9dQZF1DX8AliSIsGeKd
46,Mark Tarmonea,Pull Revisited,spotify:track:6dVXHINWFJq63dQF8ykWVi,37i9dQZF1DX8AliSIsGeKd
47,Marius Drescher,Panem,spotify:track:1YJh90YQjqpSh8R4zFoaZi,37i9dQZF1DX8AliSIsGeKd
48,Stereo Express,Saha,spotify:track:4YTphPjdWVfNJe1OkY1maV,37i9dQZF1DX8AliSIsGeKd
49,Carlo Whale,Million Faces,spotify:track:0Z34JssoQzr31PHVhdx1Db,37i9dQZF1DX8AliSIsGeKd
50,Nora Van Elken,New Guinea,spotify:track:2aOeoucXlw56zHNrbBwHWa,37i9dQZF1DX8AliSIsGeKd
51,ArtLec,Escape,spotify:track:3NA4XLKopNrdwKOCDPtdGe,37i9dQZF1DX8AliSIsGeKd
52,Hani,Irieheaven - Olivier Giacomotto Remix,spotify:track:22VHnAcfXxX2QMiLY9S40f,37i9dQZF1DX8AliSIsGeKd
53,Tocadisco,Viva Africa,spotify:track:6RuMccarlUXFWrueGMRsIE,37i9dQZF1DX8AliSIsGeKd
54,Phil Kieran,I Love You - Moonwalk Remix,spotify:track:3jH9UhX0OjoHxfrVKbT8wz,37i9dQZF1DX8AliSIsGeKd
55,Flynninho,I Love Acid - Radio Mix,spotify:track:0swy2AbdRp8NWH1EjdY1h7,37i9dQZF1DX8AliSIsGeKd
56,Giolì & Assia,Emptiness,spotify:track:4Rzjq1BbE2ZDaiUDLFE8Tl,37i9dQZF1DX8AliSIsGeKd
57,Alex Banks,Falling Down - Edit,spotify:track:3Qg1KKWErDpQx13Eg2gZ4S,37i9dQZF1DX8AliSIsGeKd
58,DJ T.,Ready to Shine - Edit,spotify:track:3MA0pbz28M1fpz6e8RSYVD,37i9dQZF1DX8AliSIsGeKd
59,Skream,Ectogazm,spotify:track:5MYARoapSdgdS3RIYpoUUy,37i9dQZF1DX8AliSIsGeKd
0,Charlotte de Witte,Selected,spotify:track:3kGr39dBiUUdFNw6iiLTDV,37i9dQZF1DX8ZMwsPgxIOs
1,Special Request,Memory Lake,spotify:track:4V6heuEEP7ad8QUTvZ1ult,37i9dQZF1DX8ZMwsPgxIOs
2,Amelie Lens,Little Robot,spotify:track:5e0cpLRbShZxK2w3LOR5Zb,37i9dQZF1DX8ZMwsPgxIOs
3,Kink,The Grid,spotify:track:2R4BT4oQmbgqkMaarlZJIl,37i9dQZF1DX8ZMwsPgxIOs
4,Mall Grab,Strangers,spotify:track:0VPZL6u2bj1UNeE6o1Jm0r,37i9dQZF1DX8ZMwsPgxIOs
5,Alex Banks,Falling Down,spotify:track:6pHDn5mmBgjfGWyubeAm5K,37i9dQZF1DX8ZMwsPgxIOs
6,Joy Orbison,Bromley,spotify:track:3KnWsHW8xSsw9Xy2mtxcfN,37i9dQZF1DX8ZMwsPgxIOs
7,Rudosa,Pressure,spotify:track:4hvzcw6nQRagsXAxpICPYg,37i9dQZF1DX8ZMwsPgxIOs
8,DJ Haus,Modul8,spotify:track:5neqkp5TKLOvdmzo27H48p,37i9dQZF1DX8ZMwsPgxIOs
9,Karenn,Crush the Mushrooms,spotify:track:5iBjKkvMDhY21jWsxPl7GI,37i9dQZF1DX8ZMwsPgxIOs
10,Schacke,Life is Absurd,spotify:track:3QSjR1zjiFb2lGEbMu0BIL,37i9dQZF1DX8ZMwsPgxIOs
11,ABSOLUTE.,String Theory - Edit,spotify:track:1HofWGTrBHyNf5CqJV9PFf,37i9dQZF1DX8ZMwsPgxIOs
12,Will Clarke,Listen Linda - Edit,spotify:track:0jqCRCXeo5UyL4DLSHMGeP,37i9dQZF1DX8ZMwsPgxIOs
13,Denis Sulta,Gas Whillis (While I Paint My Nails),spotify:track:2zRkKIkcYjpfbF7lkWo6MJ,37i9dQZF1DX8ZMwsPgxIOs
14,Denis Sulta,Gas Whillis (While I Paint My Nails),spotify:track:2zRkKIkcYjpfbF7lkWo6MJ,37i9dQZF1DX8ZMwsPgxIOs
15,Chris Liebing,In Memory,spotify:track:3ecMn0qSzw7C5Fug0Ia0eX,37i9dQZF1DX8ZMwsPgxIOs
16,Louisahhh,Feral Rhythm - Maelstrom Remix,spotify:track:2Jyt4khqSeok1aB9pB06xq,37i9dQZF1DX8ZMwsPgxIOs
17,Adoo,After Four Years,spotify:track:7m1XNTXLeEhMvIELyIHybT,37i9dQZF1DX8ZMwsPgxIOs
18,Ellen Allien,Junge Sein,spotify:track:2xkSrW9JHEqkIqWsEOXSOA,37i9dQZF1DX8ZMwsPgxIOs
19,Shanti Celeste,Aqua Block,spotify:track:2BJAxGByntYSadrvbSm6cI,37i9dQZF1DX8ZMwsPgxIOs
20,Nathan Micay,The Party We Could Have,spotify:track:4ieO3GnOkATpOnUuAx7NCE,37i9dQZF1DX8ZMwsPgxIOs
21,Richie Hawtin,Core Resonance (CLOSE combined),spotify:track:04QLMPlareJM6r0w9Qv0q5,37i9dQZF1DX8ZMwsPgxIOs
22,Desert Sound Colony,Can Can Wingspan,spotify:track:3n9QfhQYC4g62SBzFORzLz,37i9dQZF1DX8ZMwsPgxIOs
23,Radio Slave,Don't Stop No Sleep,spotify:track:3Mh6y2VUICUAxDNKUBdFyY,37i9dQZF1DX8ZMwsPgxIOs
24,Booka Shade,Torch,spotify:track:0OcME0MLglLCSUABwfObS1,37i9dQZF1DX8ZMwsPgxIOs
25,Oliver Huntemann,Nordpol,spotify:track:3BfLcQOyP6ovmQFTYfhIx4,37i9dQZF1DX8ZMwsPgxIOs
26,ONYVAA,008 A1,spotify:track:1y7bz8R1SUP7Knvw4IYBAH,37i9dQZF1DX8ZMwsPgxIOs
27,Nicole Moudaber,Seeing It Through - SCB Night Mix,spotify:track:4VLOgCpbonX0dzIp0SLL4f,37i9dQZF1DX8ZMwsPgxIOs
28,Blenk,Vibration,spotify:track:0VVKZagInjE9oubei3Z2yB,37i9dQZF1DX8ZMwsPgxIOs
29,Kerrie,Before Calm,spotify:track:0SAkWItlziMSlEbzQCzTX6,37i9dQZF1DX8ZMwsPgxIOs
30,Mella Dee,Techno Belter,spotify:track:6Ffix7EOMEai8GXIyt5BEv,37i9dQZF1DX8ZMwsPgxIOs
31,Function,Ertrinken,spotify:track:11CcF6eXvdKg2Vo6xaPBo0,37i9dQZF1DX8ZMwsPgxIOs
32,Metronomy,Wedding Bells - Georgia Remix,spotify:track:3bSVXUUTMaHn74tRFpnKB4,37i9dQZF1DX8ZMwsPgxIOs
33,Underworld,Border Country,spotify:track:1oIC657boIC19PpdLtxuiK,37i9dQZF1DX8ZMwsPgxIOs
34,TSHA,Moon - Brame & Hamo Remix,spotify:track:7aZdLAQVcn1F6hqeSwca0y,37i9dQZF1DX8ZMwsPgxIOs
35,Alex Falk,Lift,spotify:track:1qDHqLVqvv5QWwrU6dNytb,37i9dQZF1DX8ZMwsPgxIOs
36,Throwing Snow,Ideolog,spotify:track:5sMow8MT2UvHjnoEDLGeiW,37i9dQZF1DX8ZMwsPgxIOs
37,Truncate,The Bell,spotify:track:0X4zEAPdEb9KMk3jSbSOwU,37i9dQZF1DX8ZMwsPgxIOs
38,Function,Golden Dawn,spotify:track:6NR7zfXgYBQ4YcQtnEEFW5,37i9dQZF1DX8ZMwsPgxIOs
39,Nina Kraviz,Stranno Neobjatno,spotify:track:2VrdUEUd7AfiSgdhDf0Myb,37i9dQZF1DX8ZMwsPgxIOs
40,DjRUM,Hard to Say,spotify:track:76AfvAd3jn7pOa2LJee2v2,37i9dQZF1DX8ZMwsPgxIOs
41,Dance System,Can't Stop (Lovin U) - Radio Edit,spotify:track:1mlTpmHaGpCqGpOCMnKkVx,37i9dQZF1DX8ZMwsPgxIOs
42,ANNA,Forever Ravers,spotify:track:0GESAR8MnPxo4kM7GWuCuG,37i9dQZF1DX8ZMwsPgxIOs
43,Marie Davidson,Chasing The Light,spotify:track:0fjtmkiprkWZFUvpukPR0K,37i9dQZF1DX8ZMwsPgxIOs
44,Mark Broom,Outta Sight,spotify:track:4RHUVCpUtEoQZbwBQmISxL,37i9dQZF1DX8ZMwsPgxIOs
45,Slam,Reverberation,spotify:track:4HvjIj7XNFxaFsJLfy2Tyi,37i9dQZF1DX8ZMwsPgxIOs
46,Troste,Sacred Fire,spotify:track:3JsZo4sLEVqVzGMOtb4v51,37i9dQZF1DX8ZMwsPgxIOs
47,Aurora Halal,Fattal 22,spotify:track:4i7J8CdoqYukrFAqUY1lUc,37i9dQZF1DX8ZMwsPgxIOs
48,Maceo Plex,Mutant Magic,spotify:track:2de6txBc1GeMruMkWnAyyh,37i9dQZF1DX8ZMwsPgxIOs
49,Jas Shaw,Kubrick's Rube,spotify:track:6U2sPPlp5a6TGYzADl7iGX,37i9dQZF1DX8ZMwsPgxIOs
50,Steffi,Help Me Understand,spotify:track:0IYm7LtasRnv2TkULggFPI,37i9dQZF1DX8ZMwsPgxIOs
51,Sam Goku,Odd Speech,spotify:track:0mLDzmNaWkSvtbsOsPjVqH,37i9dQZF1DX8ZMwsPgxIOs
52,Catz 'n Dogz,Would You Believe - andhim Remix,spotify:track:4GTnt9oGVYjqPG837aFlKP,37i9dQZF1DX8ZMwsPgxIOs
53,Giant Swan,Weight Of Love,spotify:track:6R2eT9evF6jQUTqvzwUkun,37i9dQZF1DX8ZMwsPgxIOs
54,Eats Everything,Comatose,spotify:track:7HEVBrwnkGuIBtfer2V25t,37i9dQZF1DX8ZMwsPgxIOs
55,Maceo Plex,Lonely Tribe,spotify:track:3n8LrZPZnob8mBoypOiNwx,37i9dQZF1DX8ZMwsPgxIOs
56,Metodi Hristov,Mover,spotify:track:2cGR0kT799BDZzf4hyektK,37i9dQZF1DX8ZMwsPgxIOs
57,Extrawelt,Argonaut,spotify:track:3Xz54AxPncCmdoWlrAEsph,37i9dQZF1DX8ZMwsPgxIOs
58,India Jordan,WARPER,spotify:track:1DMtmqhxuI9hexsEKQjsHx,37i9dQZF1DX8ZMwsPgxIOs
59,Third Son,Amalgam,spotify:track:6bD4OV5Rla2h90keuhECyh,37i9dQZF1DX8ZMwsPgxIOs
60,Mark Greene,Collective Consciousness,spotify:track:7ll9NdGmu8E6K0TerKDGvK,37i9dQZF1DX8ZMwsPgxIOs
61,Cameo Blush,Year 2000 Problem,spotify:track:4jJvPqiw3ek7cFQuNKV6L8,37i9dQZF1DX8ZMwsPgxIOs
0,Haywyre,With You - Prismo Remix,spotify:track:3fLYEqfVmeMdAfVQUMvoNa,37i9dQZF1DXa41CMuUARjl
1,Dale Howard,Your Love,spotify:track:30OpaMv2XRde3ZZYOzazWk,37i9dQZF1DXa41CMuUARjl
2,3rd Prototype,After The Storm,spotify:track:3Sz7Np8ohchbjJ7sPbOnMu,37i9dQZF1DXa41CMuUARjl
3,Zeds Dead,Sound Of The Underground,spotify:track:4kbaxfwAF2FaquuDiWSkDT,37i9dQZF1DXa41CMuUARjl
4,Rezz,Hell on Earth,spotify:track:0LF3laZt24GkVkd6ZyJlw8,37i9dQZF1DXa41CMuUARjl
5,Asking Alexandria,The Violence - Sikdope Remix,spotify:track:0XFZjhpSKttg8UIA1LEge3,37i9dQZF1DXa41CMuUARjl
6,Kayzo,Braincase,spotify:track:3AawFHorBGEDdM9ngI8ofa,37i9dQZF1DXa41CMuUARjl
7,Mahalo,So Cold (feat. Lily Denning) [Paul Woolford Remix],spotify:track:3gc7hp2NvzaaMcLoH8TIrU,37i9dQZF1DXa41CMuUARjl
8,Madison Avenue,Don't Call Me Baby - Super Disco Club Remix,spotify:track:77uWQVz31q8H0iZc0ISvgd,37i9dQZF1DXa41CMuUARjl
9,Dean Mickoski,Basement,spotify:track:62uuZYJL4wdV6kW9Onr9SP,37i9dQZF1DXa41CMuUARjl
10,Just A Gent,Iris in the Dark,spotify:track:4BsN2VLlvd3BBJCt7gpwkc,37i9dQZF1DXa41CMuUARjl
11,Krewella,Good On You,spotify:track:3BMpJkaH1nSLqlw7Vr2THM,37i9dQZF1DXa41CMuUARjl
12,Krystal Klear,I'll Be There When You Need Me,spotify:track:0mfnQwb0m3q9GOyuJlVqW5,37i9dQZF1DXa41CMuUARjl
13,NWYR,Mind Control,spotify:track:5KTQQTbMy5OwtzFLoATLBS,37i9dQZF1DXa41CMuUARjl
14,Bassjackers,"Mush, Mush (2019 Reboot)",spotify:track:2To07U4aMbecCCukgPklFS,37i9dQZF1DXa41CMuUARjl
15,JLV,Never Coming Down,spotify:track:2Fu4hBRaNNSaAxhJJfY8Ax,37i9dQZF1DXa41CMuUARjl
16,Gareth Emery,Call To Arms - Alex M.O.R.P.H. Remix,spotify:track:3NGw1wkRNYGhiRG5yzjnsV,37i9dQZF1DXa41CMuUARjl
17,Madison Mars,I Will Let You Down (feat. KLARA),spotify:track:3RBk0P36O7wCMxF263jRJL,37i9dQZF1DXa41CMuUARjl
18,Duke & Jones,Burner,spotify:track:7ByrszLK5P7yrLXQwxCmSj,37i9dQZF1DXa41CMuUARjl
19,Jon Hopkins,Luminous Spaces - Edit,spotify:track:7nbLUoUimkbWVQqsZ1mkp8,37i9dQZF1DXa41CMuUARjl
20,Born Dirty,Samba Sujo - Blond:ish Remix,spotify:track:60rm5quLJ5mwjJXjAHKB9c,37i9dQZF1DXa41CMuUARjl
21,Boris Brejcha,Lieblingsmensch - Edit,spotify:track:6CXFxsx3VCNLwRdOn9cXKp,37i9dQZF1DXa41CMuUARjl
22,Roberto Surace,Joys - Jonas Blue Remix,spotify:track:7DWNpgaSBMdEdGO4s3LGSw,37i9dQZF1DXa41CMuUARjl
23,The Chainsmokers,Family,spotify:track:3TKpJrY9q49Mj1JOsM9zGL,37i9dQZF1DXa41CMuUARjl
24,Coone,Face Of A Champion,spotify:track:67IB9ZfmbFmo7S4Y1Ve2ti,37i9dQZF1DXa41CMuUARjl
25,Avicii,Fades Away - Tribute Concert Version,spotify:track:2Aomjzc0qNjk4uc3JYGxgc,37i9dQZF1DXa41CMuUARjl
26,Kbubs,Stranger,spotify:track:2rPsTL1zWC7mywJVPAn4I2,37i9dQZF1DXa41CMuUARjl
27,Danny Avila,Fast Forward,spotify:track:3tTCORojBSXdr6eEITzN91,37i9dQZF1DXa41CMuUARjl
28,Joris Voorn,Messiah (feat. HÆLOS) - Dark Science Piano Mix,spotify:track:2qHcGgWwBtm064k9Qy4TRH,37i9dQZF1DXa41CMuUARjl
29,Mark Lower,Feel (Edit),spotify:track:6AqE94xHLT8RcrH7JjTG6F,37i9dQZF1DXa41CMuUARjl
30,Mark Digital,In Dreams,spotify:track:2aoj3P5VpXJq5ZvVsRz6si,37i9dQZF1DXa41CMuUARjl
31,obylx,Flicker,spotify:track:4etFSVesnk3pY9ki6rlJYb,37i9dQZF1DXa41CMuUARjl
32,Zack Martino,Crave U,spotify:track:2jFCFjCd730jcmmINc4QZa,37i9dQZF1DXa41CMuUARjl
33,Redlight,Show Me,spotify:track:2YyUDFOG6MqZ4D1pt1vUmO,37i9dQZF1DXa41CMuUARjl
34,The Salsoul Orchestra,Ooh I Love It (Love Break) - Late Nite Tuff Guy Muscle Radio Edit,spotify:track:0gLspDQmuA9nsZKNcDGffd,37i9dQZF1DXa41CMuUARjl
35,Mr. Belt & Wezol,Not Dancing,spotify:track:2ipTMqLLogZOwB3VXafqTR,37i9dQZF1DXa41CMuUARjl
36,Kito,Wild Girl - Paul Woolford Remix,spotify:track:7ETxvXQ5oWFRfAfaIEimAG,37i9dQZF1DXa41CMuUARjl
37,Joel Fletcher,Unstoppable,spotify:track:5NpgeCta716gpgDkdbuQlK,37i9dQZF1DXa41CMuUARjl
38,3LAU,Tokyo (feat. XIRA),spotify:track:1QCVN7PEJ0dMiIDOG6ZJUf,37i9dQZF1DXa41CMuUARjl
39,Hybrid Minds,Drowning In You - Levela Remix,spotify:track:1uTyNhUxbJKGoyyhCGBaEr,37i9dQZF1DXa41CMuUARjl
40,Justin Caruso,Broken Hearts - Black Caviar Remix,spotify:track:7nsgjB3cMH8hnWb4NKDRq7,37i9dQZF1DXa41CMuUARjl
41,Noisecontrollers,200 Dreams,spotify:track:1PWV26P0WRrRpKWj3Z7KVy,37i9dQZF1DXa41CMuUARjl
42,Laidback Luke,Keep On Rockin' - WYKO & Krexxton Remix,spotify:track:3mdq3ctJFihIdMWRxPwKyA,37i9dQZF1DXa41CMuUARjl
43,Fahjah,Getting out of Here,spotify:track:5Pp8PvDR0COjrxj3aJjIUq,37i9dQZF1DXa41CMuUARjl
44,DAVI,Lie Machine - Gorgon City Remix,spotify:track:4Sov70WLxVKxe9F94h618J,37i9dQZF1DXa41CMuUARjl
45,Friend Within,Space Jam,spotify:track:0HSWumdK7aG4M3ORAb5z8t,37i9dQZF1DXa41CMuUARjl
46,Dubdogz,Techno Prank (LOthief Remix),spotify:track:4zpYDX4LzO3LIlnGmBJTP3,37i9dQZF1DXa41CMuUARjl
47,Marc Benjamin,My Swag,spotify:track:4s3apmZwNTzkVG2zmzsIxj,37i9dQZF1DXa41CMuUARjl
48,Max Fail,Alone (Ken Bauer Remix),spotify:track:5IHTBhC8thZdHu2J4YDlhR,37i9dQZF1DXa41CMuUARjl
49,MANT,Dance On It,spotify:track:5Gi7IImTUUsmcB6l5TNvDe,37i9dQZF1DXa41CMuUARjl
50,Enamour,Catalyst,spotify:track:5deK7G7EbwceCUswDFU8Ne,37i9dQZF1DXa41CMuUARjl
51,KAAZE,Take Me Home,spotify:track:7bRYtWzbXkyixU0Cjb142M,37i9dQZF1DXa41CMuUARjl
52,Marco V,Come Back Home - Dash Berlin Remix,spotify:track:4S7ufnYccwyQjpGU5FdClC,37i9dQZF1DXa41CMuUARjl
53,Chase & Status,Shut Up - Benny L VIP,spotify:track:5BJjjB4y4msWP5qZnxLoNM,37i9dQZF1DXa41CMuUARjl
54,Bolier,Set on You,spotify:track:7oCEakH5WvsPLIwS5eFXJE,37i9dQZF1DXa41CMuUARjl
55,Anden,Mirage - Tom Zeta Remix,spotify:track:3XdTlIlfXrovhfPxpScPMt,37i9dQZF1DXa41CMuUARjl
56,Take/Five,Silver,spotify:track:5QBjjXkfG1evnDCuyKdBjH,37i9dQZF1DXa41CMuUARjl
57,twocolors,México,spotify:track:7p6fHu9AQb5WtnDGzOO2FQ,37i9dQZF1DXa41CMuUARjl
58,Raven & Kreyn,You Don't Know,spotify:track:7xtSHN6upAoU3xwGbpvXrS,37i9dQZF1DXa41CMuUARjl
59,Redfield,The Way,spotify:track:1QFb37azMeeYmD9L4sI39E,37i9dQZF1DXa41CMuUARjl
60,Gareth Emery,Somebody,spotify:track:46hzMcgAeemcnGmMUAfX93,37i9dQZF1DXa41CMuUARjl
61,Steve Brian,Stargazer,spotify:track:6Uqm9E8bUF0sGLhyrLzuOr,37i9dQZF1DXa41CMuUARjl
62,Different Heaven,All We Are,spotify:track:3Th1RGEmCjBzqFjbSydZdL,37i9dQZF1DXa41CMuUARjl
63,Franky Wah,Time After Time (feat. Jessie Ware),spotify:track:53nM36dTMaZSsQ46TIMgbe,37i9dQZF1DXa41CMuUARjl
64,Michael Calfan,Could Be You (feat. Danny Dearden),spotify:track:4UIUaKFABiomFavFdKOwMb,37i9dQZF1DXa41CMuUARjl
65,Jason Ross,Known You Before (with Emilie Brandt),spotify:track:46EA3tB2G4GrOMhDie094Q,37i9dQZF1DXa41CMuUARjl
66,Mt. Eden,As One,spotify:track:5UrYlLT7BUXpLLhEnJK5Wa,37i9dQZF1DXa41CMuUARjl
67,Tisoki,IT’S OK (feat. Kozze),spotify:track:0Vq34fkVd7vE0wV8AofFvF,37i9dQZF1DXa41CMuUARjl
68,Armin van Buuren,Unlove You - Club Mix,spotify:track:6r8Yy7shor7xngNFFdNsZi,37i9dQZF1DXa41CMuUARjl
69,Jaytech,Mystic - Original Mix,spotify:track:4Om6glKfqffq33P5Izvnnl,37i9dQZF1DXa41CMuUARjl
70,Markus Schulz,Mainhattan,spotify:track:3GlahE9UCAMWL1wGL3mgrt,37i9dQZF1DXa41CMuUARjl
71,Lane 8,Yard Two Stone,spotify:track:3WpC5qJTEYD49iUKHXrNJG,37i9dQZF1DXa41CMuUARjl
72,MANT,Gameshow,spotify:track:7dAhk5j0TItqmRxPdgsmrv,37i9dQZF1DXa41CMuUARjl
73,twoDB,Don't Wanna Know,spotify:track:5V0dWTgFb9hYmU83kdDYQx,37i9dQZF1DXa41CMuUARjl
74,Tove Lo,Sweettalk my Heart - BloodPop® & BURNS Vitaclub Remix,spotify:track:2c58NhgndhXlrmDZDAZWnJ,37i9dQZF1DXa41CMuUARjl
75,Brigado Crew,Synchronicity,spotify:track:0sF6AQfF5bWQqNl5CuaXVM,37i9dQZF1DXa41CMuUARjl
76,Mattei & Omich,Private Party,spotify:track:76V53NfgVJ3LKXwFEfuz68,37i9dQZF1DXa41CMuUARjl
77,Anabel Englund,Messing With Magic,spotify:track:54WQ13j96SIHWQAoEJ9poK,37i9dQZF1DXa41CMuUARjl
78,Sam Feldt,Winter Wonderland - LYOD Remix,spotify:track:0MREF5zlieMCYrOinSLJZ6,37i9dQZF1DXa41CMuUARjl
79,Saint Punk,911,spotify:track:7pAC4ebO3MVIMAROkUrEyN,37i9dQZF1DXa41CMuUARjl
80,Alexander Orue,All For You - DJ Vartan & Techcrasher Radio Edit,spotify:track:7gEjoMlNkxatwPisr1Kd3K,37i9dQZF1DXa41CMuUARjl
81,Jauz,Super Hott,spotify:track:7GLAZesgD4Uo91YpTiDUQ7,37i9dQZF1DXa41CMuUARjl
82,Robin M,Hangdrum,spotify:track:4rAKuhzxAvDRsegs6X3jtZ,37i9dQZF1DXa41CMuUARjl
83,Blanke,Flatline,spotify:track:0D8n26VxzYSDIMhDO5JPjO,37i9dQZF1DXa41CMuUARjl
84,Martin Solveig,Juliet & Romeo,spotify:track:1CRy08G60mS5jvhB27xMpS,37i9dQZF1DXa41CMuUARjl
85,Ron Carroll,Ain't No Pride,spotify:track:39LJpi20Z6H5t2gGSoBdbB,37i9dQZF1DXa41CMuUARjl
86,NOTD,Wanted - Kuur Remix,spotify:track:4FhhwDAEqBh0cuCp6MKTck,37i9dQZF1DXa41CMuUARjl
87,TIEKS,Celebration,spotify:track:0sIWHEb9PH9J5n2ZZEMuGQ,37i9dQZF1DXa41CMuUARjl
88,Major Lazer,Que Calor (with J Balvin & El Alfa) - Good Times Ahead Remix,spotify:track:1IFnlyTszTzH0LHEMUesW1,37i9dQZF1DXa41CMuUARjl
89,Borgeous,Nobody,spotify:track:6sDQB1L8hqnFrfEGLlc6q9,37i9dQZF1DXa41CMuUARjl
90,Louie Vega,Cosmic Witch (feat. Anané) - [Edit],spotify:track:7HnYTVRe2FEnI50oJvzFu0,37i9dQZF1DXa41CMuUARjl
91,Bok Nero,Hood Anthem - KAYVIAN Remix,spotify:track:51qak0mTP1DIWrJ3pw3InD,37i9dQZF1DXa41CMuUARjl
92,Sebb Junior,Physical - Glen Horsborough Remix,spotify:track:5VgoSAXBVLPTn1yESMWu9K,37i9dQZF1DXa41CMuUARjl
93,BROHUG,Keep,spotify:track:6QwwDh0NSF8Qn0BDpZVEc9,37i9dQZF1DXa41CMuUARjl
94,ArtLec,My Love for You,spotify:track:0zcyH85utzILAPdA6VMveh,37i9dQZF1DXa41CMuUARjl
95,Charmes,You & Me,spotify:track:3MfIKZQk9w87sgWBvqE4p2,37i9dQZF1DXa41CMuUARjl
0,Imagine Dragons,Believer,spotify:track:0CcQNd8CINkwQfe1RDtGV6,37i9dQZF1DX9tzt7g58Xlh
1,Imagine Dragons,Radioactive,spotify:track:6nDAs3PRe37fgqLfx51lBB,37i9dQZF1DX9tzt7g58Xlh
2,Imagine Dragons,Thunder,spotify:track:0tKcYR2II1VCQWT79i5NrW,37i9dQZF1DX9tzt7g58Xlh
3,Imagine Dragons,Natural,spotify:track:2FY7b99s15jUprqC0M5NCT,37i9dQZF1DX9tzt7g58Xlh
4,Imagine Dragons,Birds (feat. Elisa),spotify:track:2uZVfvOK7MTjBTRICYmpso,37i9dQZF1DX9tzt7g58Xlh
5,Imagine Dragons,Bad Liar,spotify:track:2RSHsoi04658QL5xgQVov3,37i9dQZF1DX9tzt7g58Xlh
6,Imagine Dragons,Demons,spotify:track:2Oehrcv4Kov0SuIgWyQY9e,37i9dQZF1DX9tzt7g58Xlh
7,Imagine Dragons,Whatever It Takes,spotify:track:4IWAyPf1KMq7JCyGeCjTeH,37i9dQZF1DX9tzt7g58Xlh
8,Imagine Dragons,Bad Liar – Stripped,spotify:track:6hFi0gXP8KItwMqfBgf44b,37i9dQZF1DX9tzt7g58Xlh
9,Imagine Dragons,Believer (feat. Lil Wayne),spotify:track:2sU9EjevkrU9OkPZudvFNN,37i9dQZF1DX9tzt7g58Xlh
10,Imagine Dragons,It's Time,spotify:track:3xqF04FdMK7gpIPG3SPFpY,37i9dQZF1DX9tzt7g58Xlh
11,Imagine Dragons,Warriors,spotify:track:0mZriPjLPG9PExNzKQ3NVS,37i9dQZF1DX9tzt7g58Xlh
12,Imagine Dragons,"Zero - From the Original Motion Picture ""Ralph Breaks The Internet""",spotify:track:2bzitsPcImYC6DZWvvLCQi,37i9dQZF1DX9tzt7g58Xlh
13,Imagine Dragons,Release,spotify:track:2AObzKd3JYIWQqQ067Z0YI,37i9dQZF1DX9tzt7g58Xlh
14,Imagine Dragons,Only,spotify:track:1uRBbjQ3uNFXCncWyNomHf,37i9dQZF1DX9tzt7g58Xlh
15,Imagine Dragons,On Top Of The World,spotify:track:4eLSCSELtKxZwXnFbNLXT5,37i9dQZF1DX9tzt7g58Xlh
16,Imagine Dragons,Next To Me,spotify:track:7EUfNvyCVxQV3oN5ScA2Lb,37i9dQZF1DX9tzt7g58Xlh
17,Imagine Dragons,Love,spotify:track:5d41vXH0zvpwUrHrmqKqDc,37i9dQZF1DX9tzt7g58Xlh
18,Imagine Dragons,Walking The Wire,spotify:track:6jmngk8Fwup05JZ6kgXEGX,37i9dQZF1DX9tzt7g58Xlh
19,Imagine Dragons,Stuck,spotify:track:5Z9SQPYU95S6M1vcbLsDt2,37i9dQZF1DX9tzt7g58Xlh
20,Imagine Dragons,Shots - Broiler Remix,spotify:track:0z8yrlXSjnI29Rv30RssNI,37i9dQZF1DX9tzt7g58Xlh
21,Imagine Dragons,Real Life,spotify:track:7JAzAyjbJFPznEFdqpa1Si,37i9dQZF1DX9tzt7g58Xlh
22,Imagine Dragons,Thunder / Young Dumb & Broke (with Khalid) - Medley,spotify:track:05W4TSNqPEXtKdejLVRQrm,37i9dQZF1DX9tzt7g58Xlh
23,Imagine Dragons,Dancing In The Dark,spotify:track:5HvtbJxOYLSACcPuhf62wT,37i9dQZF1DX9tzt7g58Xlh
24,Imagine Dragons,Rise Up,spotify:track:7vAXN57IQ0sj049wZGIboE,37i9dQZF1DX9tzt7g58Xlh
25,Imagine Dragons,Monster,spotify:track:4eavkrdMt3ypQcnVmzGP5L,37i9dQZF1DX9tzt7g58Xlh
26,Imagine Dragons,Burn Out,spotify:track:5Q7zuH8VNu7aLappSusPu6,37i9dQZF1DX9tzt7g58Xlh
27,Imagine Dragons,Dream,spotify:track:25DpvTS4zsmLiVLx8Zv3N0,37i9dQZF1DX9tzt7g58Xlh
28,Imagine Dragons,I Bet My Life,spotify:track:15DrrIod12Tc2IoMaHiwlQ,37i9dQZF1DX9tzt7g58Xlh
29,Imagine Dragons,Mouth Of The River,spotify:track:6dSKDp21S6I5UOhDqjw4kB,37i9dQZF1DX9tzt7g58Xlh
30,Imagine Dragons,Bleeding Out,spotify:track:0RchWnEHETINMAyrTrlBmo,37i9dQZF1DX9tzt7g58Xlh
31,Imagine Dragons,I’m So Sorry,spotify:track:4o74y4XY1ypNZkZtZkK8Wi,37i9dQZF1DX9tzt7g58Xlh
32,Imagine Dragons,Who We Are,spotify:track:236DIFE6J4lbdknreVZSN6,37i9dQZF1DX9tzt7g58Xlh
33,Imagine Dragons,Not Today,spotify:track:3Y6ILqXqCBNwBTxVda8Z68,37i9dQZF1DX9tzt7g58Xlh
34,Imagine Dragons,Roots,spotify:track:4GITtbZtRCQXhWLMXrWXHt,37i9dQZF1DX9tzt7g58Xlh
35,Imagine Dragons,Birds,spotify:track:6Tvzf3VEi16JMhAgOwdt2y,37i9dQZF1DX9tzt7g58Xlh
36,Imagine Dragons,I Don’t Know Why,spotify:track:15dnkAHcHC0vrIUlbiPiqU,37i9dQZF1DX9tzt7g58Xlh
37,Imagine Dragons,Start Over,spotify:track:6Q9ue1D2FU489FD4Uln3SX,37i9dQZF1DX9tzt7g58Xlh
38,Imagine Dragons,I’ll Make It Up To You,spotify:track:54h8xHewdRPnYzmbEHBhOO,37i9dQZF1DX9tzt7g58Xlh
39,Imagine Dragons,Cha-Ching (Till We Grow Older),spotify:track:1OppUXF0ZsVATRbEyHOTyA,37i9dQZF1DX9tzt7g58Xlh
40,Kygo,Born To Be Yours,spotify:track:0kHyKhJMukHEPfeh8s7rdM,37i9dQZF1DX9tzt7g58Xlh
41,Imagine Dragons,Machine,spotify:track:4uGY9CqDtGtaTTLg1cgsWD,37i9dQZF1DX9tzt7g58Xlh
42,Imagine Dragons,Battle Cry,spotify:track:1HW6A7IaPggPryCLsTUj5c,37i9dQZF1DX9tzt7g58Xlh
43,Imagine Dragons,Tiptoe,spotify:track:6YUFByainM0IB52DNObY5t,37i9dQZF1DX9tzt7g58Xlh
44,Imagine Dragons,West Coast,spotify:track:2nkoWsTZa8LKPNGdjI5uxj,37i9dQZF1DX9tzt7g58Xlh
45,Imagine Dragons,Second Chances,spotify:track:2c59prEhi51s2v1LaqQ3ir,37i9dQZF1DX9tzt7g58Xlh
46,Imagine Dragons,Gold,spotify:track:1WQFOwtI6EfsvRz7wcDbQm,37i9dQZF1DX9tzt7g58Xlh
47,Imagine Dragons,Boomerang,spotify:track:2B1fuWoWaYnCXbjYp1gXg5,37i9dQZF1DX9tzt7g58Xlh
48,Imagine Dragons,Bullet In A Gun,spotify:track:3R4Xk37WTagjzODMNEQLvs,37i9dQZF1DX9tzt7g58Xlh
49,Imagine Dragons,Friction,spotify:track:2iIb73Qn02LsZwpW8RJUxh,37i9dQZF1DX9tzt7g58Xlh
50,Imagine Dragons,Cool Out,spotify:track:6LXMUR2rpxFBDo6nilS3yX,37i9dQZF1DX9tzt7g58Xlh
0,Fort Arkansas,Whistle Guilt,spotify:track:3ONL5l8GGtuhM4I4ydzk37,37i9dQZF1DXa41CMuUARjl
1,Corderoy,Barricades,spotify:track:5ohbMV7lhyAjJHgFwasL8q,37i9dQZF1DXa41CMuUARjl
2,Kura,My Love,spotify:track:7moVYdv5g5owukIo8cik6o,37i9dQZF1DXa41CMuUARjl
3,Moli,On the Weekend - Phantoms Remix,spotify:track:5bqwpjoSR0rvWWp7QZuXfi,37i9dQZF1DXa41CMuUARjl
4,Snails,Grime Rate,spotify:track:1cN1Je3IqatxpowpICjEpS,37i9dQZF1DXa41CMuUARjl
5,Haywyre,WIth You - Grabbitz Remix,spotify:track:0gfyjczWVCVqNvXZL1TuXX,37i9dQZF1DXa41CMuUARjl
6,SLVR,In The Place,spotify:track:7oSCKN8YAn1NpWrwnvXFpn,37i9dQZF1DXa41CMuUARjl
7,DJ Dean,Protect Your Ears 2K20 - Radio Edit,spotify:track:3RyCWZDlBUCK7mvzjwHi9X,37i9dQZF1DXa41CMuUARjl
8,Jirah,Furthest Reach,spotify:track:4mE7ygRRkZcaXy36cWSsYP,37i9dQZF1DXa41CMuUARjl
9,Sean Tyas,Someday,spotify:track:25mgdXRnDSNSHO1WYo5QED,37i9dQZF1DXa41CMuUARjl
10,Louie Vega,A Place Where We Can All Be Free (feat. Janine Sugah Lyrics Lyons) - [Edit],spotify:track:1bJEix4nNIfQ7nYHQMfKbL,37i9dQZF1DXa41CMuUARjl
11,QUIX,I Got Tha,spotify:track:2RfIvDkzZ0d11fpT1FYBcd,37i9dQZF1DXa41CMuUARjl
12,S.A.M.,Fury's Laughter - Norman Doray Remix,spotify:track:3P3Ng0xG2wLzTZoiBbELUR,37i9dQZF1DXa41CMuUARjl
13,Kryder,Drumkore,spotify:track:6wqHIgQlb6XCWHYDxDDSOV,37i9dQZF1DXa41CMuUARjl
14,Blackcode,Belong With You,spotify:track:6JXrAJ1u6R20f2k6TnNlQs,37i9dQZF1DXa41CMuUARjl
15,Major Lazer,Que Calor (with J Balvin & El Alfa) - Redfield Remix,spotify:track:4L70QToRqoLGZ6lhgiFDbN,37i9dQZF1DXa41CMuUARjl
16,Zeds Dead,Bumpy Teeth,spotify:track:02kc9ytzK6Pm9l85quPE9e,37i9dQZF1DXa41CMuUARjl
17,Dustin Husain,HM02 (Fly),spotify:track:2fAf30NVErpAvxHZu971GZ,37i9dQZF1DXa41CMuUARjl
18,Sandro Silva,Genesis,spotify:track:6IUQc1CDeuEDDHUo60HVgc,37i9dQZF1DXa41CMuUARjl
19,Moore Kismet,Escape - VIP,spotify:track:2hX8osWFyJmQ4axt5Y1ika,37i9dQZF1DXa41CMuUARjl
20,Luude,Lava Lamp,spotify:track:7Iace73p6DR3nzZPmwnjpX,37i9dQZF1DXa41CMuUARjl
21,GATTÜSO,Love Is Not Enough,spotify:track:5MvsfUN0H79C24t3fPepeL,37i9dQZF1DXa41CMuUARjl
22,Boombox Cartel,Remember,spotify:track:34FXI7MfRYJZxZGzxWF1Hm,37i9dQZF1DXa41CMuUARjl
23,Will Clarke,Love Somebody,spotify:track:1otD4yyO2kytaXaZtoD1mJ,37i9dQZF1DXa41CMuUARjl
24,Holly,Strip Money - Baauer Remix,spotify:track:2CneQO4hYc8hg5GEqTZxOA,37i9dQZF1DXa41CMuUARjl
25,Borgore,RFG,spotify:track:1lFwkKCVjU8fdOwng1jCBn,37i9dQZF1DXa41CMuUARjl
26,Alle Farben,As Far as Feelings Go - Keanu Silva Remix,spotify:track:6Jo51jZGD1GH6KG0zvDHek,37i9dQZF1DXa41CMuUARjl
27,Sharapov,Invisible Love,spotify:track:2ODyy65lP2IDnySuCI19qR,37i9dQZF1DXa41CMuUARjl
28,Going Deeper,Long Way Home - Radio Edit,spotify:track:1oWGREKWr0XR8rLId4AcLt,37i9dQZF1DXa41CMuUARjl
29,Starley,Lovers + Strangers - Mark Maxwell Remix,spotify:track:660x7UHRxL7O9vmGfy7LF6,37i9dQZF1DXa41CMuUARjl
30,Ellise,911 - Tom Wilson Remix,spotify:track:5VXe4JgzaRi49RgFhVFfuQ,37i9dQZF1DXa41CMuUARjl
31,Sigma,Sell My Soul,spotify:track:4c2smAeDTcFZCLfs0rC1rC,37i9dQZF1DXa41CMuUARjl
32,Outsiders,1 Team,spotify:track:0Hyn9l85xe3mgDLHPKFERe,37i9dQZF1DXa41CMuUARjl
33,HUGEL,They Know,spotify:track:72juIoy6SX8K5g1VKpVGZy,37i9dQZF1DXa41CMuUARjl
34,Sonny Fodera,The Moment - Dubdogz & Zuffo Remix,spotify:track:5JLxYjRtl6u6GhHgwABSI2,37i9dQZF1DXa41CMuUARjl
35,Marc Benjamin,All The Time,spotify:track:5UA6rAsMTn0okgp95isGrl,37i9dQZF1DXa41CMuUARjl
36,Raffaele Rizzi,Fluorescence,spotify:track:5VCwiMyK5XZ8nLRESQaz65,37i9dQZF1DXa41CMuUARjl
37,Dombresky,Take Me Away,spotify:track:6l0Xa0PJ04RQlyjJt4JDRB,37i9dQZF1DXa41CMuUARjl
38,AFSHEEN,Dancing With You,spotify:track:4lo3PZgU9b2dDVHP23tgIC,37i9dQZF1DXa41CMuUARjl
39,Iglesias,Stamina,spotify:track:7d7WsJuykWG08r68FEyVIe,37i9dQZF1DXa41CMuUARjl
40,Mazare,Where Do We Go - VIP,spotify:track:0U7mpjNkCqXY9pgzHXh2lW,37i9dQZF1DXa41CMuUARjl
41,MUST DIE!,I DON'T WANT 2 LIVE - VIP,spotify:track:7w8UW0HCrWa68glHjotwNa,37i9dQZF1DXa41CMuUARjl
42,MOTi,All The Love You Got,spotify:track:59QmL8ygKtVfMHmPx3GaBX,37i9dQZF1DXa41CMuUARjl
43,Basto,All About You,spotify:track:7wih8uQM6eAl6WPg5pa0TS,37i9dQZF1DXa41CMuUARjl
44,Above & Beyond,Out Of Time - Above & Beyond Club Mix,spotify:track:0Y2YIBNketPmJagrSOlSvy,37i9dQZF1DXa41CMuUARjl
45,The Vanguard Project,Everyday Is Stolen,spotify:track:2TRMPrUxlPcH1uLcwYaVb1,37i9dQZF1DXa41CMuUARjl
46,Rave Radio,Thinking About You,spotify:track:4NarrnXa3NLsIrU1eoTOLc,37i9dQZF1DXa41CMuUARjl
47,STANDERWICK,Another Life,spotify:track:4FZyzJ5IZe1aPoSdSWL2O7,37i9dQZF1DXa41CMuUARjl
48,Tom Walker,Better Half of Me - Ferreck Dawn Remix,spotify:track:4OG1wu7Oojhb3X81njsfAs,37i9dQZF1DXa41CMuUARjl
49,Andrew Bayer,Your Eyes - Maor Levi's Starlight Mix,spotify:track:4qfc2ZnZGe8fOudHuQn252,37i9dQZF1DXa41CMuUARjl
50,Sllash & Doppe,Bring That On,spotify:track:3pKOtmoa08xv80HRmfHVa3,37i9dQZF1DXa41CMuUARjl
51,BLR,Take Me Higher,spotify:track:5RrhrF2WdWsFexwj7LXHvr,37i9dQZF1DXa41CMuUARjl
52,A-Trak,Blaze,spotify:track:37yz1UoGqMr73Y6wiLnAps,37i9dQZF1DXa41CMuUARjl
53,Forest Blakk,Put Your Hands Up - Deepend Remix,spotify:track:0nQtwdHTj8yVHSD4NrSWd6,37i9dQZF1DXa41CMuUARjl
54,Block & Crown,Want You,spotify:track:4aG32cABYLGOWdV7GmCUJW,37i9dQZF1DXa41CMuUARjl
55,Max Vangeli,What's Love Got To Do With It,spotify:track:3dM9RpiKVE5E3GIIAtgDUH,37i9dQZF1DXa41CMuUARjl
56,Raven & Kreyn,1995,spotify:track:3m0H1vnMJnUdyStoWDNkk7,37i9dQZF1DXa41CMuUARjl
57,Prince Paris,Sleep Talk - Munar Remix,spotify:track:4gBkbob9i5xzAGVcP97Gs6,37i9dQZF1DXa41CMuUARjl
58,Matroda,Walk In The Spot,spotify:track:5VZSIseZuR0WoAwieGD4Ff,37i9dQZF1DXa41CMuUARjl
59,Aryue,DON'T TALK,spotify:track:4tTRm872gHJtA6WaPmMyut,37i9dQZF1DXa41CMuUARjl
60,Seth Hills,Pressure,spotify:track:7f2d3p6nzGFR6874f0E7E7,37i9dQZF1DXa41CMuUARjl
61,Romen Jewels,Heaven,spotify:track:2y9rTGYSVT48AzrrFShZk3,37i9dQZF1DXa41CMuUARjl
62,BounceMakers,Funky Bass - FaderX Edit,spotify:track:2wa8LuEbq32b022waEMCYx,37i9dQZF1DXa41CMuUARjl
63,Thomas Gold,Ain't Seen Before,spotify:track:5aSFb2NDHDp4NU7rbegVJq,37i9dQZF1DXa41CMuUARjl
64,James Kitcher,Utopia at Midnight,spotify:track:35smMtth4CNVEwcYKZyFDz,37i9dQZF1DXa41CMuUARjl
65,MK,One Night (feat. Raphaella) - 6am Remix,spotify:track:5vnCraWOMSkgh7d3jx9nQY,37i9dQZF1DXa41CMuUARjl
66,Freebot,Compadre,spotify:track:2HxoGONt9rtgdhxEbXX4NK,37i9dQZF1DXa41CMuUARjl
67,Melsen,Get To Know Ya,spotify:track:5RagJI6aTy2TT4HatIp0D4,37i9dQZF1DXa41CMuUARjl
68,Landis,Find Me,spotify:track:5xuXCCo3NfruFROJAutzjU,37i9dQZF1DXa41CMuUARjl
69,Tom Budin,Truth Is,spotify:track:3tiCfL7AgIOSXMrOMdBs9F,37i9dQZF1DXa41CMuUARjl
70,Steff da Campo,In & Out Of My Life,spotify:track:5lKcpEJ6gmtc02S6eJkY74,37i9dQZF1DXa41CMuUARjl
71,DJ Kuba,Rebel,spotify:track:4CNVFkTU7zZhaSDMyJgc6h,37i9dQZF1DXa41CMuUARjl
72,Andy Moor,Up In Smoke,spotify:track:6BzFm4gnt0bl6PBWKQT5f6,37i9dQZF1DXa41CMuUARjl
73,Vlade Kay,All This Lovin,spotify:track:2kL589YItlGYDBMQXOvrhu,37i9dQZF1DXa41CMuUARjl
74,Sandro Silva,Baile,spotify:track:5KOxq1Y19bYmIyxaCEpmZy,37i9dQZF1DXa41CMuUARjl
75,Mija,Gypsy Woman (She's Homeless) [House Kitsuné America],spotify:track:2ZL0cFicHe5xM38lqxXFps,37i9dQZF1DXa41CMuUARjl
76,Kayzo,Cruel Love - Wooli Remix,spotify:track:7yIV0VpgK1u8VbAgyhuBpH,37i9dQZF1DXa41CMuUARjl
77,Mike Candys,La Serenissima - Rework,spotify:track:7mLiSXtEj7bXMpaQbIBBgu,37i9dQZF1DXa41CMuUARjl
78,Steve Brian,Us - Mixed,spotify:track:0PNPFC88ETjaiUog15gaJB,37i9dQZF1DXa41CMuUARjl
79,Shakecraft,Lot Of Love,spotify:track:6T7OF9jl2MDyQMGi1Bnzuy,37i9dQZF1DXa41CMuUARjl
80,Les Rita Mitsouko,Andy - Folamour's Italo Remix,spotify:track:3VY2LzQ3LxhAfJPf8qbQuZ,37i9dQZF1DXa41CMuUARjl
81,Davide Mazzilli,Movin Around,spotify:track:5sRbfiaCDbEBqTzd0mbGnE,37i9dQZF1DXa41CMuUARjl
82,Marc Volt,Get Back,spotify:track:2veEpJHo1WApmzMzQmZtup,37i9dQZF1DXa41CMuUARjl
83,Beave,One In A Million - Radio Edit,spotify:track:2vBqxRlsNvWWL6WgInMAGs,37i9dQZF1DXa41CMuUARjl
84,Saltwater,The Legacy - ReOrder Remix,spotify:track:6zESZw4yOl8WojuQOectRx,37i9dQZF1DXa41CMuUARjl
85,ShiShi,Deepest Ocean,spotify:track:0zUP7rI8IysxWL7jZ9pAvL,37i9dQZF1DXa41CMuUARjl
86,Galardo,The World Was Made for You,spotify:track:1BizaeYrg1YFBrbgi450AV,37i9dQZF1DXa41CMuUARjl
87,Const Cash,Freaks & Geeks,spotify:track:5hY6yyqxbukp6vaAaQJRth,37i9dQZF1DXa41CMuUARjl
88,Life of Kai,Six Months (Przm Remix),spotify:track:1Sglr5rX52uQ54EcHmIcKl,37i9dQZF1DXa41CMuUARjl
89,Drenchill,Never Never (feat. Indiiana) - Skytech Remix,spotify:track:19POCZOP1ACwQ1MLsaVocG,37i9dQZF1DXa41CMuUARjl
90,Disco Fries,Forever - VAVO Remix Mixed,spotify:track:0LHahwczbnJLJruVHu6BT5,37i9dQZF1DXa41CMuUARjl
91,Steve Aoki,Popcorn,spotify:track:5HJZzHKWYf7jAKaJD0V2Il,37i9dQZF1DXa41CMuUARjl
92,Me & My Toothbrush,Take Me Down,spotify:track:5LomZhsCwFLJY60qAp6CD8,37i9dQZF1DXa41CMuUARjl
93,Monkey Safari,Mantra,spotify:track:6RoewzonORYsuQGYuCXW27,37i9dQZF1DXa41CMuUARjl
94,DNKNN,Clorofilla,spotify:track:5fEaRorZZ7qMwESQEagah4,37i9dQZF1DXa41CMuUARjl
95,Oliver Huntemann,Tranquilizer 2.0,spotify:track:5T5MZSB6ARSZJ40jrMY159,37i9dQZF1DXa41CMuUARjl
96,Roger Shah,Epoch,spotify:track:66f8mVHdKy3ZNI31V341Z6,37i9dQZF1DXa41CMuUARjl
97,Sean Mathews,Odyssey,spotify:track:2Y8Zho4C09SodXgY596lF7,37i9dQZF1DXa41CMuUARjl
98,TaylorX,One,spotify:track:03RIiI7QBfOOQkFhPpf1IJ,37i9dQZF1DXa41CMuUARjl
99,Black Tiger Sex Machine,Let's Get It,spotify:track:2u9Si0vB6Tx02B68TcAHGF,37i9dQZF1DXa41CMuUARjl
100,Silque,Batman,spotify:track:7hcqTUHLJBM2bNVmyt0To6,37i9dQZF1DXa41CMuUARjl
101,MEDUZA,Lose Control - Roberto Surace Remix,spotify:track:2pXxE9WKQZUmnRtN9KWyPh,37i9dQZF1DXa41CMuUARjl
102,Simon Lee & Alvin,ATTN,spotify:track:3FwLaUnrm9gdOlPsvW4gsJ,37i9dQZF1DXa41CMuUARjl
103,ricky retro,Happy New Year - Takis Remix,spotify:track:3RgK3wxbOEPS7Nic5z4V7B,37i9dQZF1DXa41CMuUARjl
104,Cuartero,Item 3000,spotify:track:2LtCN6nQAGzU18IGyYJG4W,37i9dQZF1DXa41CMuUARjl
105,FWLR,Hot - VIP,spotify:track:6TieeTIBsrkLewCbmqqtRV,37i9dQZF1DXa41CMuUARjl
106,Just Kiddin,Hurting - VIP Edit,spotify:track:19EbEe5ENZaGIEF2asGQ29,37i9dQZF1DXa41CMuUARjl
107,Sydney Blu,Intuition,spotify:track:3np0ygdsjat1u4fTUR5UHu,37i9dQZF1DXa41CMuUARjl
108,Jake & Kellini,On My Body - Wahlstedt Edit,spotify:track:3l4CnuxoGqMcIzyTDUmwJu,37i9dQZF1DXa41CMuUARjl
0,grandson,Oh No!!!,spotify:track:5iN7u2S31T8Mu5LC5JaCxO,37i9dQZF1DXc0kazxut10t
1,grandson,Rock Bottom,spotify:track:0Fc7ESmkM02PDH5NnPaS5S,37i9dQZF1DXc0kazxut10t
2,grandson,Destroy Me,spotify:track:0uBNqy6taLbUqTy605rCXV,37i9dQZF1DXc0kazxut10t
3,grandson,Happy Pill,spotify:track:3yxtsBzVlDBzRoBhHS3TpK,37i9dQZF1DXc0kazxut10t
4,grandson,Despicable,spotify:track:5IPT4Noqvo7bsfbWUOHcG4,37i9dQZF1DXc0kazxut10t
5,grandson,Apologize,spotify:track:71VtqHXE00DYtK8hhPaKHn,37i9dQZF1DXc0kazxut10t
6,grandson,Stick Up,spotify:track:5ZSKZ0wMdlMi4bQ3XZXXsp,37i9dQZF1DXc0kazxut10t
7,grandson,Blood // Water,spotify:track:7clyJIrLkEbXUDwj1tC9zz,37i9dQZF1DXc0kazxut10t
8,grandson,Fallin (Temptation),spotify:track:1pyljdnXoCMK6KBchy8WCk,37i9dQZF1DXc0kazxut10t
9,grandson,Die Young,spotify:track:0C7RjrX0Jtg7qRaqkO8Xpp,37i9dQZF1DXc0kazxut10t
10,grandson,Best Friends,spotify:track:1CmhkiXegdbj3Ewizvdg2Q,37i9dQZF1DXc0kazxut10t
11,grandson,Overdose,spotify:track:7a1D98IVXyVBKsq40imjyg,37i9dQZF1DXc0kazxut10t
12,grandson,Bury Me Face Down,spotify:track:0LSzBkkQZZkwV656r6etLg,37i9dQZF1DXc0kazxut10t
13,grandson,Put Me Under,spotify:track:0WaWNS2ePQ79aARfDi6cQ2,37i9dQZF1DXc0kazxut10t
14,grandson,thoughts & prayers,spotify:track:22yRdwQ4OXUlPrLGhF6ebu,37i9dQZF1DXc0kazxut10t
15,grandson,Stigmata,spotify:track:2dmPVqFpmhNuggEB3niC9S,37i9dQZF1DXc0kazxut10t
16,grandson,War,spotify:track:1IqYyJ37a3gUr0NC2vOD2b,37i9dQZF1DXc0kazxut10t
17,grandson,Is This What You Wanted,spotify:track:5mMSj2y7aUBnXdL0AuH4hl,37i9dQZF1DXc0kazxut10t
18,Mike Shinoda,Running From My Shadow (feat. grandson),spotify:track:1DZw1ilCsICpOnefS2jkwT,37i9dQZF1DXc0kazxut10t
19,grandson,Maria,spotify:track:4gwIqYEDyXn2PBH62WFSBv,37i9dQZF1DXc0kazxut10t
20,grandson,Blood // Water - Tom Morello Remix,spotify:track:6XRtVyYvR3kpos8niR3nm8,37i9dQZF1DXc0kazxut10t
21,grandson,Kiss Bang,spotify:track:20UffSyFaybW0xW04IhSbL,37i9dQZF1DXc0kazxut10t
22,grandson,Bills,spotify:track:5G1lwu6P8F6ZhTk3mPLjtz,37i9dQZF1DXc0kazxut10t
23,grandson,Darkside,spotify:track:3JyvSSU0VnlMUsQckyEVfX,37i9dQZF1DXc0kazxut10t
24,grandson,Blood // Water - AWOLNATION Remix,spotify:track:64McK6KmrPMOBbRGlBjkl8,37i9dQZF1DXc0kazxut10t
25,grandson,6:00,spotify:track:3PTBfw2zgvY9HjpBU8VoFz,37i9dQZF1DXc0kazxut10t
26,grandson,Stigmata - Live in Los Angeles,spotify:track:5giynBopd6VcbXnm4o5DNQ,37i9dQZF1DXc0kazxut10t
27,grandson,6:00 - Live in Toronto,spotify:track:49Wdhhhvj3U7VIddvLbyxd,37i9dQZF1DXc0kazxut10t
28,grandson,Overdose - Live in Toronto,spotify:track:3Uf1MYX9CNC5RO8IEfG8ME,37i9dQZF1DXc0kazxut10t
29,grandson,Despicable - Live in Toronto,spotify:track:6oqryRDtbcm69wx886KYtA,37i9dQZF1DXc0kazxut10t
30,grandson,Apologize - Live in Toronto,spotify:track:2bEwQoKOQ0iGc0beqAmUhP,37i9dQZF1DXc0kazxut10t
31,grandson,Blood // Water - Live in Los Angeles,spotify:track:1D8vZWYS4MaZzHiGgHT7xA,37i9dQZF1DXc0kazxut10t
1,Einmusik,Mockingbird,spotify:track:2yZtfjq68kGOpL6XXgIaIV,37i9dQZF1DX8AliSIsGeKd
3,Alexander Alar,Odessa - Original,spotify:track:3MciISYne5HpKmvVE6Xw6E,37i9dQZF1DX8AliSIsGeKd
5,Carbon,Choose,spotify:track:0unfwHbVFzVwb6PeC8ZT0J,37i9dQZF1DX8AliSIsGeKd
6,Rey&Kjavik,Yourself,spotify:track:1fCjrFqrElfv2UR0oEAeX2,37i9dQZF1DX8AliSIsGeKd
7,Julian Wassermann,Alone,spotify:track:3E4rF9kFdNmujg5ACCbQmO,37i9dQZF1DX8AliSIsGeKd
8,Mikah,Vertigo,spotify:track:2K21EhYxUFginKlVtkjfhn,37i9dQZF1DX8AliSIsGeKd
9,Toigo,Reactive,spotify:track:0s2xgpCll3WEPw7B1X4sfz,37i9dQZF1DX8AliSIsGeKd
10,Mark Dekoda,Syndrom,spotify:track:6QqpX2j8raMWtxeNiv5xVZ,37i9dQZF1DX8AliSIsGeKd
11,Sebastopol,Thunder,spotify:track:6OFYmD4iomJ062Jp5G9teF,37i9dQZF1DX8AliSIsGeKd
12,Eric Lune,Embers - Dub Mix,spotify:track:485WwsMo0i77OPHKBrYoDT,37i9dQZF1DX8AliSIsGeKd
13,Alex Niggemann,Electric Mariachi - Pional Remix,spotify:track:6jBF9LiAgq7g6I1dEZxek0,37i9dQZF1DX8AliSIsGeKd
14,Fulltone,Mahe - Original Mix,spotify:track:1FcjPH0eyBwrCV4JVjizQV,37i9dQZF1DX8AliSIsGeKd
15,Joyhauser,Elements,spotify:track:0C6aMqg0IlMqSNTxpmRbko,37i9dQZF1DX8AliSIsGeKd
16,Solee,Delirium,spotify:track:3e11tsRPgeWuCjgJjBnrmT,37i9dQZF1DX8AliSIsGeKd
17,Belocca,Mental Cinema,spotify:track:6HOsFY1ygOG1C5SB5jjy8H,37i9dQZF1DX8AliSIsGeKd
18,Marc Houle,Here We Are,spotify:track:4ORLkMNSr6WG1PBnI99ZsR,37i9dQZF1DX8AliSIsGeKd
19,Kid Simius,Human Beauty,spotify:track:3N92WkYiO8uuvwWC58CHiQ,37i9dQZF1DX8AliSIsGeKd
20,Roderic,Serendipity - Niconé & Dirty Doering Remix,spotify:track:0YnlF7Vg46KDnhw72U5E1b,37i9dQZF1DX8AliSIsGeKd
21,MEUTE,Panda,spotify:track:6XUMCXktttWWlx9AN9ia5R,37i9dQZF1DX8AliSIsGeKd
22,Monolink,Rearrange My Mind (Acid Pauli Remix),spotify:track:3TspDNUTSK9Sr35qVD6GuB,37i9dQZF1DX8AliSIsGeKd
23,Lexy & K-Paul,Break Them (Cut 1) - Extended,spotify:track:20lLnUYMqf6DMfHhv2X6OP,37i9dQZF1DX8AliSIsGeKd
24,Recondite,Cure,spotify:track:4W76PWtsmhFsKQV71Ob2pO,37i9dQZF1DX8AliSIsGeKd
25,Park & Sons,Nebula,spotify:track:4vRU9IHCZ1CWRwFS3xoNPJ,37i9dQZF1DX8AliSIsGeKd
26,Niconé,Acid Riot - Pan/Tone Remix,spotify:track:3F5KG9jPGmlP8TQ9XqN7pD,37i9dQZF1DX8AliSIsGeKd
27,DJ Jock,Infernal,spotify:track:0gML3qnqW1urDfw9G28cQU,37i9dQZF1DX8AliSIsGeKd
28,Re.You,Possibility,spotify:track:4iGbXLToGrUb72g1gqOl3r,37i9dQZF1DX8AliSIsGeKd
29,Miyagi,Pink Moon,spotify:track:2LMK8VWHIbGwXgLl3cievx,37i9dQZF1DX8AliSIsGeKd
31,Sebjak,Vittra,spotify:track:3Ms38PPnCRWdT2A8yP5Htn,37i9dQZF1DX8AliSIsGeKd
32,Luis Leon,Sculpture,spotify:track:1jzwgrgpTrrJy4m6q1R5pN,37i9dQZF1DX8AliSIsGeKd
33,Austin Pettit,Space,spotify:track:5XV6h626zICHZjbXXgSl1R,37i9dQZF1DX8AliSIsGeKd
35,Matthias Tanzmann,Let's Roll,spotify:track:1Zb2RCS8ha3GoAKEdR55F6,37i9dQZF1DX8AliSIsGeKd
38,Lstn,Tranquillity,spotify:track:6FRPp1RZx4bXvAP95Qmodx,37i9dQZF1DX8AliSIsGeKd
41,RSS Disco,Lunar Fling,spotify:track:7bw6tqqPCj7ImoTJ37y6Kd,37i9dQZF1DX8AliSIsGeKd
43,Atish,Warbler - Rodriguez Jr. Remix,spotify:track:1HL7fPABBrd5SzFZ8QUCnb,37i9dQZF1DX8AliSIsGeKd
47,Budakid,Sky Mirage,spotify:track:5LusGZ1GA6fQQphGjq8MCs,37i9dQZF1DX8AliSIsGeKd
48,Brian Cid,El Verano De Tus Ojos,spotify:track:0Giq48GSi0jSlAtT4p1hWN,37i9dQZF1DX8AliSIsGeKd
51,Sam Goku,Zero One Lotus,spotify:track:5PCI2qhaJ9O4CojCKPjIPG,37i9dQZF1DX8AliSIsGeKd
52,Amentia,Conquête De l'Oued - Original,spotify:track:515jEXEHGu6taImsPLBqGr,37i9dQZF1DX8AliSIsGeKd
53,Robin Hirte,Baltimore,spotify:track:3YPujx1fEWTsX1grlOauMz,37i9dQZF1DX8AliSIsGeKd
55,Melgazzo,Altered Soul,spotify:track:3hgCN670WzWuNjT3UFEeSS,37i9dQZF1DX8AliSIsGeKd
56,Mesquitas,Jack,spotify:track:0lZDZfqfPQ7U1lDfbuh3om,37i9dQZF1DX8AliSIsGeKd
59,Wallis Bird,As The River Flows - Lau.Ra Remix,spotify:track:7wnwOAeh4QJOjIoPvBqdap,37i9dQZF1DX8AliSIsGeKd
60,Amy Root,June - Mees Salomé Remix,spotify:track:2cet6WbkvQDj3iyQ58eoDt,37i9dQZF1DX8AliSIsGeKd
62,Tocadisco,Deep Meditation,spotify:track:0XO9quwoJs17gDpkphHp1p,37i9dQZF1DX8AliSIsGeKd
63,Pensees,Hidden Hills,spotify:track:7gVMCreMBdm1Osxb837hUB,37i9dQZF1DX8AliSIsGeKd
0,Collective States,Lonesome Ghost,spotify:track:05h6pboyWT6WAEwB1CqbP3,37i9dQZF1DX8AliSIsGeKd
1,DJ Clipps,Awakenings,spotify:track:26tSh4o3NKwBKVl7nFRNuR,37i9dQZF1DX8AliSIsGeKd
2,Christopher Kah,Embodied,spotify:track:2JVEpS3CAOrG3I5x1DzkY2,37i9dQZF1DX8AliSIsGeKd
3,Tom Wax,Peace or Annihilation,spotify:track:2jNVNQHfI5bse3xpldhCtK,37i9dQZF1DX8AliSIsGeKd
4,Blank & Jones,The Light,spotify:track:0eCCFxmpgCMcnxdC0UaQTT,37i9dQZF1DX8AliSIsGeKd
5,Galexis,Nebula - Original Mix,spotify:track:7C91pkgqjWxnFgnRWweHOn,37i9dQZF1DX8AliSIsGeKd
6,Daniel Bortz,Take My Hand,spotify:track:1x6JcuNsTk2jv6CszQqyC9,37i9dQZF1DX8AliSIsGeKd
7,Sunscreem,Perfect Motion - Patrice Bäumel Renaissance Remix,spotify:track:644ybdeFJ4aFUyJ2eiobRy,37i9dQZF1DX8AliSIsGeKd
8,TH;EN,Dekey - Original Mix,spotify:track:4i7sCusQ8dm0K5abR9QTt2,37i9dQZF1DX8AliSIsGeKd
9,Sans Souci,Oxnard,spotify:track:3tanFQ6gebRvPnLvg0b87b,37i9dQZF1DX8AliSIsGeKd
10,Noah Pred,Soft Science,spotify:track:3FXahOyaUI6LH5he4ZP0td,37i9dQZF1DX8AliSIsGeKd
11,Christian Hornbostel,Entropia,spotify:track:0gdmcfKbGP7JNeYC480Idv,37i9dQZF1DX8AliSIsGeKd
12,Okain,Invaders,spotify:track:73nC36BXCMxgbPlmQrOkuG,37i9dQZF1DX8AliSIsGeKd
13,Seth Schwarz,Patience,spotify:track:07TQqNkdjKRu4KpqaOspxw,37i9dQZF1DX8AliSIsGeKd
14,Sgt.Elias,Automatic,spotify:track:5NmMvnLDIm1sVZKBr97bSI,37i9dQZF1DX8AliSIsGeKd
15,Lstn,Rebellion,spotify:track:38kURLpBmxwMigkISq83es,37i9dQZF1DX8AliSIsGeKd
0,Maximo Park,Books From Boxes,spotify:track:7aB9V1AfdHhdONxii7njJ9,37i9dQZF1DWYJeWl6ior4d
1,Kettcar,Landungsbrücken raus,spotify:track:3RHaMwcMM8rL1pkI2DtCNC,37i9dQZF1DWYJeWl6ior4d
2,Tomte,Ich sang die ganze Zeit von dir,spotify:track:2Yr4E5B39z8Te3FMPUS9Q5,37i9dQZF1DWYJeWl6ior4d
3,Die Sterne,Was Hat Dich Bloss So Ruiniert - Re-Recording,spotify:track:1U0yr1COArfJi04i1r31Pn,37i9dQZF1DWYJeWl6ior4d
4,PeterLicht,Sonnendeck - Schallplattenspieler-Fassung [Ekimas & Proppe Remix],spotify:track:2Twoar48Z7uMhLtACSiV4y,37i9dQZF1DWYJeWl6ior4d
5,Olli Schulz,Dann schlägt dein Herz,spotify:track:1pndMvq4gZwX15JftJqE1K,37i9dQZF1DWYJeWl6ior4d
6,Thees Uhlmann,Zum Laichen und Sterben ziehen die Lachse den Fluss hinauf,spotify:track:1DCx5SCqZGVUgnxEMkd91p,37i9dQZF1DWYJeWl6ior4d
7,Tomte,die schönheit der chance,spotify:track:6UGA1Y9nD44iCr5alPYCRR,37i9dQZF1DWYJeWl6ior4d
8,Beatsteaks,I Don't Care as Long as You Sing - Radio Edit,spotify:track:7KjdcYVyhtVn06Jq9zm1gn,37i9dQZF1DWYJeWl6ior4d
9,Talking To Turtles,Passenger Seat,spotify:track:6a0UK30zvyJ1B6qtan7mdd,37i9dQZF1DWYJeWl6ior4d
10,Mando Diao,Down in the Past,spotify:track:2vx5Dc3Zxtd5yGDlh2pAAz,37i9dQZF1DWYJeWl6ior4d
11,Tocotronic,Hi Freaks,spotify:track:3uZEZB8PQNPjohVkBGBzBM,37i9dQZF1DWYJeWl6ior4d
12,Wir Sind Helden,Denkmal,spotify:track:58zHoX9U5VlSXLUUmWTfe2,37i9dQZF1DWYJeWl6ior4d
13,Hund am Strand,Jungen Mädchen,spotify:track:3nxgkJgilv48kDJ2PwYoFq,37i9dQZF1DWYJeWl6ior4d
14,Editors,Smokers Outside the Hospital Doors,spotify:track:7CPiFuM7R0Os87sl3UJqPB,37i9dQZF1DWYJeWl6ior4d
15,Die Sterne,Universal Tellerwäscher,spotify:track:1i1xWulaeqQGHdRl1kYH6d,37i9dQZF1DWYJeWl6ior4d
16,Fleet Foxes,Mykonos,spotify:track:3RVupqMb1zXl8FNG9TlWBZ,37i9dQZF1DWYJeWl6ior4d
17,Madsen,Du schreibst Geschichte,spotify:track:7xEMiARPodjJLd83LBw8SQ,37i9dQZF1DWYJeWl6ior4d
18,Gisbert Zu Knyphausen,Sommertag,spotify:track:725l0qq1CRhQAQ6exEIDnx,37i9dQZF1DWYJeWl6ior4d
19,The Kooks,Seaside,spotify:track:6ZygaqgtPkiahkiYJhYWhn,37i9dQZF1DWYJeWl6ior4d
20,Yukno,Hund,spotify:track:1gzPR3VPXzIV2zl8gfg1eH,37i9dQZF1DWYJeWl6ior4d
21,Herrenmagazin,Früher war ich meistens traurig,spotify:track:4TOm6L5Wi0rIJisRmQenan,37i9dQZF1DWYJeWl6ior4d
22,Florence + The Machine,You've Got The Love,spotify:track:4eH8TpawYJMjcDvC0LDHYv,37i9dQZF1DWYJeWl6ior4d
23,Sportfreunde Stiller,Wunderbaren Jahren,spotify:track:5TciEAVuKp0SxoFmGBrpVQ,37i9dQZF1DWYJeWl6ior4d
24,Joy Division,Love Will Tear Us Apart,spotify:track:2JO3HwMRPeya8bXbtbyPcf,37i9dQZF1DWYJeWl6ior4d
25,Mia.,Hungriges Herz,spotify:track:6RB1fEznHzr1TITfnnyitI,37i9dQZF1DWYJeWl6ior4d
26,The Wombats,Moving to New York,spotify:track:7GvkOFkNsM6Exnkyqeajqm,37i9dQZF1DWYJeWl6ior4d
27,Mumford & Sons,Little Lion Man,spotify:track:6b5rA9rthDbZDOQp9UbOgl,37i9dQZF1DWYJeWl6ior4d
28,Gisbert Zu Knyphausen,Melancholie,spotify:track:3wcLpn2HMXu6vEYNty8Gbw,37i9dQZF1DWYJeWl6ior4d
29,The Shins,New Slang,spotify:track:5oUV6yWdDM0R9Q2CizRhIt,37i9dQZF1DWYJeWl6ior4d
30,The Dandy Warhols,Bohemian Like You,spotify:track:0yEhNqCwEfy8LHUmnZoHpP,37i9dQZF1DWYJeWl6ior4d
31,Editors,Munich,spotify:track:4z88dsPMPlCPakuhBYkcuP,37i9dQZF1DWYJeWl6ior4d
32,Beirut,Nantes,spotify:track:70WyPf8WtXvG3CgeTZZWz6,37i9dQZF1DWYJeWl6ior4d
33,The Notwist,Pilot,spotify:track:3wOxN0ehfYV02IaV7mNZSi,37i9dQZF1DWYJeWl6ior4d
34,Bombay Bicycle Club,Always Like This,spotify:track:5NtoPBmhY7WGdpsHmpy9Xh,37i9dQZF1DWYJeWl6ior4d
35,BOY,Little Numbers,spotify:track:34UMrasAWi3VHMWpMePxGu,37i9dQZF1DWYJeWl6ior4d
36,Pixies,Where Is My Mind?,spotify:track:6mcxQ1Y3uQRU0IHsvdNLH1,37i9dQZF1DWYJeWl6ior4d
37,Arcade Fire,The Suburbs,spotify:track:2UWdUez9MB9yzL7Y81Mcip,37i9dQZF1DWYJeWl6ior4d
38,The Notwist,Consequence,spotify:track:7z7LK04ofhX3NX9G9fUAov,37i9dQZF1DWYJeWl6ior4d
39,Beat!Beat!Beat!,Fireworks,spotify:track:4qQ9zZyb8XmauE1PAymV1o,37i9dQZF1DWYJeWl6ior4d
40,Band of Horses,The Funeral,spotify:track:4o0NjemqhmsYLIMwlcosvW,37i9dQZF1DWYJeWl6ior4d
41,Oasis,Don't Look Back In Anger,spotify:track:3ixTiPABjqkBKPocxq6oIe,37i9dQZF1DWYJeWl6ior4d
42,Travis,Why Does It Always Rain On Me?,spotify:track:6JXD70ZqUhx02AteE50CIS,37i9dQZF1DWYJeWl6ior4d
43,The Cure,Friday I'm In Love,spotify:track:7syvCBTKAgC39dya4fBNGP,37i9dQZF1DWYJeWl6ior4d
44,Massive Attack,Teardrop,spotify:track:67Hna13dNDkZvBpTXRIaOJ,37i9dQZF1DWYJeWl6ior4d
45,The Maccabees,No Kind Words,spotify:track:5EpU5EsanKQTfRfIVNOa1M,37i9dQZF1DWYJeWl6ior4d
46,The Wombats,Let's Dance to Joy Division,spotify:track:60Ih7J2Q1o9shvMC2OAALu,37i9dQZF1DWYJeWl6ior4d
47,The Verve,Bitter Sweet Symphony,spotify:track:1WYEDcS7WGjv0rG7rmMX3o,37i9dQZF1DWYJeWl6ior4d
48,Bloc Party,Banquet,spotify:track:172u95XX2JxIfBZi1v0vKN,37i9dQZF1DWYJeWl6ior4d
49,The Smiths,Bigmouth Strikes Again - 2011 Remaster,spotify:track:2OErSh4oVVAUll0vHxdr6p,37i9dQZF1DWYJeWl6ior4d
50,Dirty Pretty Things,Bang Bang You're Dead,spotify:track:0fiB5cRA2lngpF06X1Ou4u,37i9dQZF1DWYJeWl6ior4d
51,The Subways,Rock & Roll Queen,spotify:track:1O5qBgWDXf19N75X7Bvilv,37i9dQZF1DWYJeWl6ior4d
52,Air,All I Need (feat. Beth Hirsch),spotify:track:6T10XPeC9X5xEaD6tMcK6M,37i9dQZF1DWYJeWl6ior4d
53,Caesars,Jerk It Out,spotify:track:1bx7OUl2UmAnA5oZkm9If7,37i9dQZF1DWYJeWl6ior4d
54,Arcade Fire,Ready to Start,spotify:track:01wsKcJ8ptqUmatpJlEGYj,37i9dQZF1DWYJeWl6ior4d
55,Kate Nash,Foundations,spotify:track:3PY6DWrkuIt6LZgFesrIkJ,37i9dQZF1DWYJeWl6ior4d
56,Supergrass,Alright,spotify:track:5xC8uOesnn0udeXAYlAnoY,37i9dQZF1DWYJeWl6ior4d
57,The Fratellis,Chelsea Dagger,spotify:track:1bCmvezFg5MRcENzCGG1Cy,37i9dQZF1DWYJeWl6ior4d
58,MGMT,Kids,spotify:track:1jJci4qxiYcOHhQR247rEU,37i9dQZF1DWYJeWl6ior4d
59,The National,Graceless,spotify:track:20byjuLA86KfF9qjzxiwWG,37i9dQZF1DWYJeWl6ior4d
60,Stereophonics,Maybe Tomorrow,spotify:track:6SXy02aTZU3ysoGUixYCz0,37i9dQZF1DWYJeWl6ior4d
61,The Smiths,There Is a Light That Never Goes Out - 2011 Remaster,spotify:track:0WQiDwKJclirSYG9v5tayI,37i9dQZF1DWYJeWl6ior4d
62,The Cure,Inbetween Days,spotify:track:4CRpOsjhvgxjF7rQufmyZ1,37i9dQZF1DWYJeWl6ior4d
63,Hard-FI,Hard to Beat,spotify:track:5PZK7nZBsKjSkXDszKrJ1W,37i9dQZF1DWYJeWl6ior4d
64,The Black Keys,Lonely Boy,spotify:track:5G1sTBGbZT5o4PNRc75RKI,37i9dQZF1DWYJeWl6ior4d
65,The Temper Trap,Sweet Disposition,spotify:track:4MrwJDlbxpRCdbZWznfbyx,37i9dQZF1DWYJeWl6ior4d
66,The Smiths,This Charming Man - 2011 Remaster,spotify:track:1FvDJ9KGxcqwv1utyPL3JZ,37i9dQZF1DWYJeWl6ior4d
67,Future Islands,Seasons (Waiting On You),spotify:track:41X9To0bQ4fpoSRri4NHiI,37i9dQZF1DWYJeWl6ior4d
68,Bon Iver,Skinny Love,spotify:track:1NyFRrFiJAJIaR6icj1goI,37i9dQZF1DWYJeWl6ior4d
69,Radiohead,Karma Police,spotify:track:3SVAN3BRByDmHOhKyIDxfC,37i9dQZF1DWYJeWl6ior4d
70,Vampire Weekend,A-Punk,spotify:track:5dKBaysNJtfpyNTRa5lqDb,37i9dQZF1DWYJeWl6ior4d
71,The Hives,Hate To Say I Told You So,spotify:track:75ARkUKb54dQ86YezuoNhn,37i9dQZF1DWYJeWl6ior4d
72,The xx,Crystalised,spotify:track:6rxEjkoar48SssZePbtb2x,37i9dQZF1DWYJeWl6ior4d
73,Moloko,Time Is Now,spotify:track:7xG0XZhUxTu6Axewwq0jfN,37i9dQZF1DWYJeWl6ior4d
74,Radiohead,Creep,spotify:track:6b2oQwSGFkzsMtQruIWm2p,37i9dQZF1DWYJeWl6ior4d
75,The Whitest Boy Alive,Burning,spotify:track:3Sa3BLllDDw05udxXlba8p,37i9dQZF1DWYJeWl6ior4d
76,Peter Bjorn and John,Young Folks,spotify:track:4dyx5SzxPPaD8xQIid5Wjj,37i9dQZF1DWYJeWl6ior4d
77,Kings of Leon,Sex On Fire,spotify:track:7aOoPSmSSkWKnh3zi908ty,37i9dQZF1DWYJeWl6ior4d
78,Richard Ashcroft,A Song For The Lovers,spotify:track:7a90gal9tr3yS8bEXUvu8D,37i9dQZF1DWYJeWl6ior4d
79,Bright Eyes,First Day Of My Life,spotify:track:5OiaAaIMYlCZONyDBxqk4G,37i9dQZF1DWYJeWl6ior4d
80,Metronomy,The Look,spotify:track:6zfczP87XO2SxWlQtnjFNa,37i9dQZF1DWYJeWl6ior4d
81,Laura Marling,Ghosts,spotify:track:3LHg768dEKqJKht2uPTlVR,37i9dQZF1DWYJeWl6ior4d
82,We Were Promised Jetpacks,Quiet Little Voices,spotify:track:3muQDLodFN2we1pxJ6VGeX,37i9dQZF1DWYJeWl6ior4d
83,Grizzly Bear,Two Weeks,spotify:track:0iTpQYzJnYgh7kIxyq8A2O,37i9dQZF1DWYJeWl6ior4d
84,Two Door Cinema Club,What You Know,spotify:track:1qfYG2JrchEyJiqKnkE7YQ,37i9dQZF1DWYJeWl6ior4d
85,alt-J,Breezeblocks,spotify:track:7gARZ2i5u5DHC1b1n1fML5,37i9dQZF1DWYJeWl6ior4d
86,The xx,VCR,spotify:track:6DXFVsLcEvOTSrkG9G1Cb1,37i9dQZF1DWYJeWl6ior4d
87,Queens of the Stone Age,No One Knows,spotify:track:3GbiqeOPAZWKK4WbINrv1N,37i9dQZF1DWYJeWl6ior4d
88,Franz Ferdinand,Take Me Out,spotify:track:20I8RduZC2PWMWTDCZuuAN,37i9dQZF1DWYJeWl6ior4d
89,Clap Your Hands Say Yeah,The Skin Of My Yellow Country Teeth,spotify:track:7tuaKdx1uXZwPgHMYC0gUm,37i9dQZF1DWYJeWl6ior4d
90,Dillon,Thirteen Thirtyfive,spotify:track:202DfCIz0fZV2SVhUNnIi4,37i9dQZF1DWYJeWl6ior4d
91,Jet,Are You Gonna Be My Girl,spotify:track:305WCRhhS10XUcH6AEwZk6,37i9dQZF1DWYJeWl6ior4d
92,Arcade Fire,Afterlife,spotify:track:0QYIp7P4r35lTcrGyznTWO,37i9dQZF1DWYJeWl6ior4d
93,Crystal Fighters,Plage,spotify:track:3WU1BGMLe9Tg2QuVmRPpw6,37i9dQZF1DWYJeWl6ior4d
94,Phosphorescent,Song For Zula,spotify:track:3zr2s3o2Ye1j6t0ZMdoUYi,37i9dQZF1DWYJeWl6ior4d
95,The xx,Intro,spotify:track:0bXpmJyHHYPk6QBFj25bYF,37i9dQZF1DWYJeWl6ior4d
96,Blur,Coffee and TV,spotify:track:5eSllZgRWCIJsDTAqFRwQw,37i9dQZF1DWYJeWl6ior4d
97,Bat For Lashes,Daniel,spotify:track:5VvsZvy1mwx4teyvI7O9rs,37i9dQZF1DWYJeWl6ior4d
98,Keane,Somewhere Only We Know,spotify:track:0VxFKXvKLjYWU7oPPMwzuN,37i9dQZF1DWYJeWl6ior4d
99,The Strokes,Last Nite,spotify:track:6npndNDTk2qAXtTag5qDp1,37i9dQZF1DWYJeWl6ior4d
